epoch,step,train_loss,val_loss
0,49,0.40954792499542236,
0,99,0.3050517439842224,
0,149,0.30989712476730347,
0,199,0.23355163633823395,
0,249,0.2747668921947479,
0,299,0.16143228113651276,
0,349,0.09311550855636597,
0,399,0.1106991171836853,
0,429,,0.16512136161327362
1,449,0.10014332085847855,
1,499,0.09529285877943039,
1,549,0.14554189145565033,
1,599,0.05759451910853386,
1,649,0.090829037129879,
1,699,0.11421937495470047,
1,749,0.06817208230495453,
1,799,0.06966302543878555,
1,849,0.09767529368400574,
1,859,,0.10996663570404053
2,899,0.02261546440422535,
2,949,0.16355104744434357,
2,999,0.018234508112072945,
2,1049,0.03445081785321236,
2,1099,0.12704432010650635,
2,1149,0.09504136443138123,
2,1199,0.08754905313253403,
2,1249,0.03881450742483139,
2,1289,,0.10240928828716278
3,1299,0.059739746153354645,
3,1349,0.08026672154664993,
3,1399,0.019926700741052628,
3,1449,0.04282045736908913,
3,1499,0.07023859769105911,
3,1549,0.02767295390367508,
3,1599,0.027198970317840576,
3,1649,0.051839232444763184,
3,1699,0.050819043070077896,
3,1719,,0.08884669840335846
4,1749,0.040400005877017975,
4,1799,0.05062057450413704,
4,1849,0.006004098802804947,
4,1899,0.0958867073059082,
4,1949,0.01819934882223606,
4,1999,0.029271263629198074,
4,2049,0.021197114139795303,
4,2099,0.06387902051210403,
4,2149,0.01889885775744915,
4,2149,,0.10001134872436523
5,2199,0.02554665319621563,
5,2249,0.0178437028080225,
5,2299,0.027976956218481064,
5,2349,0.031583696603775024,
5,2399,0.024289794266223907,
5,2449,0.03303805738687515,
5,2499,0.07727697491645813,
5,2549,0.04690142720937729,
5,2579,,0.0876496285200119
6,2599,0.005933203734457493,
6,2649,0.006562649738043547,
6,2699,0.007925804704427719,
6,2749,0.07111047953367233,
6,2799,0.026659244671463966,
6,2849,0.005202897358685732,
6,2899,0.07585694640874863,
6,2949,0.014933300204575062,
6,2999,0.13301825523376465,
6,3009,,0.09457670152187347
7,3049,0.05699862912297249,
7,3099,0.004117559641599655,
7,3149,0.01074647344648838,
7,3199,0.055361051112413406,
7,3249,0.0032634749077260494,
7,3299,0.022755656391382217,
7,3349,0.027201557531952858,
7,3399,0.003405586816370487,
7,3439,,0.09398240596055984
8,3449,0.012336228974163532,
8,3499,0.0065498012118041515,
8,3549,0.055836934596300125,
8,3599,0.007038875482976437,
8,3649,0.004419008269906044,
8,3699,0.03311336413025856,
8,3749,0.04097099229693413,
8,3799,0.020476950332522392,
8,3849,0.06155586615204811,
8,3869,,0.09417254477739334
9,3899,0.0161425918340683,
9,3949,0.0009456853149458766,
9,3999,0.054128702729940414,
9,4049,0.05423274636268616,
9,4099,0.011201825924217701,
9,4149,0.014248369261622429,
9,4199,0.00267483270727098,
9,4249,0.06748563051223755,
9,4299,0.029835950583219528,
9,4299,,0.0925833210349083
10,4349,0.011178658343851566,
10,4399,0.0060086436569690704,
10,4449,0.0010998304933309555,
10,4499,0.006895353086292744,
10,4549,0.12016203254461288,
10,4599,0.008877413347363472,
10,4649,0.06694459915161133,
10,4699,0.012269416823983192,
10,4729,,0.10043660551309586
11,4749,0.0008102748543024063,
11,4799,0.01024514902383089,
11,4849,0.01493346132338047,
11,4899,0.02154342085123062,
11,4949,0.0038058983627706766,
11,4999,0.031814828515052795,
11,5049,0.0017959384713321924,
11,5099,0.0013501787325367332,
11,5149,0.015492892824113369,
11,5159,,0.10367079079151154
12,5199,0.11421819031238556,
12,5249,0.032472290098667145,
12,5299,0.0011610521469265223,
12,5349,0.0017840765649452806,
12,5399,0.0021552294492721558,
12,5449,0.039930619299411774,
12,5499,0.0006986398948356509,
12,5549,0.010333088226616383,
12,5589,,0.11503474414348602
13,5599,0.003291883273050189,
13,5649,0.009534447453916073,
13,5699,0.01397839467972517,
13,5749,0.0006639224011451006,
13,5799,0.0048018028028309345,
13,5849,0.002263482892885804,
13,5899,0.0018172514392063022,
13,5949,0.0019121125806123018,
13,5999,0.002127289306372404,
13,6019,,0.12552586197853088
14,6049,0.0015320467064157128,
14,6099,0.0010325309121981263,
14,6149,0.00026071639149449766,
14,6199,0.0031081591732800007,
14,6249,0.002715830225497484,
14,6299,0.004068486392498016,
14,6349,0.033255014568567276,
14,6399,0.0006190736894495785,
14,6449,0.00030472190701402724,
14,6449,,0.11073892563581467
15,6499,0.0015637328615412116,
15,6549,0.0046693431213498116,
15,6599,0.0081131961196661,
15,6649,0.0003203731030225754,
15,6699,0.0002710848639253527,
15,6749,0.08883871138095856,
15,6799,0.0061582960188388824,
15,6849,0.001484361826442182,
15,6879,,0.12873384356498718
16,6899,0.00404315022751689,
16,6949,0.00525090703740716,
16,6999,0.0423051118850708,
16,7049,0.015481761656701565,
16,7099,0.0002441472897771746,
16,7149,0.0022734911181032658,
16,7199,0.0015632041031494737,
16,7249,0.0023195170797407627,
16,7299,0.0015823077410459518,
16,7309,,0.12310232222080231
17,7349,0.00029265257762745023,
17,7399,0.0019492409192025661,
17,7449,0.005291508976370096,
17,7499,0.05040472000837326,
17,7549,0.0013306733453646302,
17,7599,0.0057093556970357895,
17,7649,0.004973696079105139,
17,7699,0.004137593321502209,
17,7739,,0.15212859213352203
18,7749,0.00041731263627298176,
18,7799,0.00024621046031825244,
18,7849,0.02863340824842453,
18,7899,0.004858586471527815,
18,7949,0.0016821774188429117,
18,7999,0.0010045475792139769,
18,8049,0.00018434091180097312,
18,8099,0.0014962005661800504,
18,8149,0.0056223683059215546,
18,8169,,0.15475229918956757
19,8199,0.0001106950658140704,
19,8249,0.01794569566845894,
19,8299,0.17181725800037384,
19,8349,0.0002579647407401353,
19,8399,0.000526447081938386,
19,8449,0.007364319637417793,
19,8499,0.02443597838282585,
19,8549,0.024629315361380577,
19,8599,0.0006583624053746462,
19,8599,,0.1366778016090393
20,8649,0.0006763835554011166,
20,8699,0.0006172831635922194,
20,8749,0.02652008831501007,
20,8799,0.009536771103739738,
20,8849,0.0033536655828356743,
20,8899,0.0003693375620059669,
20,8949,0.0007296043331734836,
20,8999,0.018844161182641983,
20,9029,,0.1754591166973114
21,9049,0.10056746751070023,
21,9099,0.0005262363119982183,
21,9149,0.0005056000663898885,
21,9199,0.000556552316993475,
21,9249,0.004345509689301252,
21,9299,0.001027319231070578,
21,9349,0.0001898134796647355,
21,9399,0.0002915009972639382,
21,9449,0.0031242959666997194,
21,9459,,0.10221131891012192
22,9499,0.0012134895659983158,
22,9549,0.002758009359240532,
22,9599,0.000516774773132056,
22,9649,8.946361049311236e-05,
22,9699,0.003261841833591461,
22,9749,0.0006123262573964894,
22,9799,0.03201761841773987,
22,9849,0.006155574694275856,
22,9889,,0.12135380506515503
23,9899,0.0018498202553018928,
23,9949,0.000322663807310164,
23,9999,0.08324748277664185,
23,10049,0.008311152458190918,
23,10099,0.008336982689797878,
23,10149,0.0007848050445318222,
23,10199,2.3306847651838325e-05,
23,10249,3.116839798167348e-05,
23,10299,0.01181425154209137,
23,10319,,0.11899621784687042
24,10349,0.0006206044927239418,
24,10399,0.06406521797180176,
24,10449,0.00461930688470602,
24,10499,0.00048798159696161747,
24,10549,0.12180139124393463,
24,10599,0.0014051645994186401,
24,10649,0.004570343531668186,
24,10699,0.0005671285325661302,
24,10749,0.00010075166210299358,
24,10749,,0.1489378809928894
25,10799,0.06783943623304367,
25,10849,0.00030243839137256145,
25,10899,0.0005841870442964137,
25,10949,4.636291487258859e-05,
25,10999,0.00018296527559868991,
25,11049,0.0015892653027549386,
25,11099,8.117932338791434e-06,
25,11149,4.8445908760186285e-06,
25,11179,,0.17227937281131744
26,11199,0.001556559931486845,
26,11249,0.0017149480991065502,
26,11299,0.001166424946859479,
26,11349,0.022899018600583076,
26,11399,9.82682904577814e-05,
26,11449,4.5095006498740986e-05,
26,11499,5.147287083673291e-05,
26,11549,8.334746235050261e-05,
26,11599,0.00033154728589579463,
26,11609,,0.12225097417831421
27,11649,0.006574783939868212,
27,11699,0.015164053998887539,
27,11749,9.914000656863209e-06,
27,11799,0.00015258158964570612,
27,11849,0.0011233630357310176,
27,11899,0.00010676496458472684,
27,11949,9.462891466682777e-05,
27,11999,9.657183545641601e-05,
27,12039,,0.12677878141403198
28,12049,0.007383471820503473,
28,12099,0.0028999040368944407,
28,12149,1.0024255971075036e-05,
28,12199,0.0012068427167832851,
28,12249,0.0013110663276165724,
28,12299,2.4673816369613633e-05,
28,12349,0.0007530890870839357,
28,12399,0.04600707069039345,
28,12449,0.00021141351317055523,
28,12469,,0.1421010047197342
29,12499,0.0750340074300766,
29,12549,0.00010425522486912087,
29,12599,0.01658662222325802,
29,12649,0.004541122820228338,
29,12699,0.006282093469053507,
29,12749,0.0011678651208058,
29,12799,0.0001782677718438208,
29,12849,2.5033202746271854e-06,
29,12899,0.0013601663522422314,
29,12899,,0.15099269151687622
30,12949,0.0005726161180064082,
30,12999,2.003394729399588e-05,
30,13049,0.005787822417914867,
30,13099,8.334100857609883e-05,
30,13149,0.00019928894471377134,
30,13199,0.0007922930526547134,
30,13249,0.008110903203487396,
30,13299,0.004829824436455965,
30,13329,,0.16377343237400055
31,13349,0.0009068830986507237,
31,13399,0.0002946846652776003,
31,13449,4.014185105916113e-05,
31,13499,2.02482842723839e-05,
31,13549,5.808694550069049e-05,
31,13599,0.012926734983921051,
31,13649,8.395005716010928e-05,
31,13699,8.905828508432023e-06,
31,13749,2.634950214996934e-05,
31,13759,,0.16525882482528687
32,13799,0.003938663750886917,
32,13849,0.0017046758439391851,
32,13899,0.00027258112095296383,
32,13949,0.0007690826314501464,
32,13999,0.00032052217284217477,
32,14049,0.001095087151043117,
32,14099,0.00015612857532687485,
32,14149,0.014041691087186337,
32,14189,,0.1507110297679901
33,14199,0.06836370378732681,
33,14249,2.2724240977822774e-07,
33,14299,0.0009899785509333014,
33,14349,0.030134985223412514,
33,14399,2.782481533358805e-05,
33,14449,0.0001134513076976873,
33,14499,8.5480569396168e-05,
33,14549,9.308518201578408e-05,
33,14599,3.7705522117903456e-05,
33,14619,,0.16508440673351288
34,14649,6.412764378183056e-06,
34,14699,0.024085447192192078,
34,14749,5.394893742050044e-05,
34,14799,8.399596117669716e-05,
34,14849,9.153074643108994e-06,
34,14899,2.757439506240189e-05,
34,14949,0.019153336063027382,
34,14999,0.0022356449626386166,
34,15049,4.432320565683767e-06,
34,15049,,0.14536985754966736
35,15099,3.059989103348926e-05,
35,15149,1.2972392141819e-05,
35,15199,0.0334554947912693,
35,15249,0.0048058005049824715,
35,15299,1.3165510608814657e-05,
35,15349,0.0002274360740557313,
35,15399,0.00032540870597586036,
35,15449,0.0017276128055527806,
35,15479,,0.16604259610176086
36,15499,2.622518877615221e-06,
36,15549,0.000642462691757828,
36,15599,0.0001501930528320372,
36,15649,1.2640576642297674e-05,
36,15699,9.85784427030012e-05,
36,15749,0.00039800599915906787,
36,15799,7.671375897189137e-06,
36,15849,3.201760137017118e-06,
36,15899,0.0004744520992971957,
36,15909,,0.14494165778160095
37,15949,0.000279809144558385,
37,15999,0.002609244780614972,
37,16049,0.010935692116618156,
37,16099,0.00042505853343755007,
37,16149,0.0010474846931174397,
37,16199,1.0192737136094365e-05,
37,16249,0.0016118483617901802,
37,16299,3.7679471915907925e-06,
37,16339,,0.14776675403118134
38,16349,5.8993016864405945e-05,
38,16399,3.1625891097064596e-06,
38,16449,3.6729143175762147e-06,
38,16499,8.530857940058922e-07,
38,16549,4.7537978389300406e-05,
38,16599,0.00047955987975001335,
38,16649,0.033526550978422165,
38,16699,0.06222071126103401,
38,16749,0.020769966766238213,
38,16769,,0.18907995522022247
39,16799,0.03033134900033474,
39,16849,2.3430638975696638e-05,
39,16899,0.0026371784042567015,
39,16949,0.001547973952256143,
39,16999,0.0010447667445987463,
39,17049,0.008575158193707466,
39,17099,0.008348244242370129,
39,17149,0.02596302516758442,
39,17199,0.011723417788743973,
39,17199,,0.161679208278656
40,17249,0.00023946250439621508,
40,17299,2.2870159227750264e-05,
40,17349,0.0025051231496036053,
40,17399,0.00010102891246788204,
40,17449,0.00016205356223508716,
40,17499,0.0017822834197431803,
40,17549,2.6488311050343327e-05,
40,17599,1.547999636386521e-05,
40,17629,,0.15400569140911102
41,17649,0.0008120937272906303,
41,17699,0.00022601573436986655,
41,17749,1.3019439393247012e-06,
41,17799,0.0010564277181401849,
41,17849,0.0013951777946203947,
41,17899,1.1841971172543708e-05,
41,17949,0.0005252646515145898,
41,17999,0.00023116027296055108,
41,18049,4.911920041195117e-05,
41,18059,,0.15516546368598938
42,18099,0.00010025395022239536,
42,18149,0.004279206972569227,
42,18199,0.0007385742501355708,
42,18249,3.8144780774018727e-06,
42,18299,0.000607455032877624,
42,18349,0.000867343507707119,
42,18399,1.4479050150839612e-05,
42,18449,0.0003465530462563038,
42,18489,,0.15977151691913605
43,18499,0.00017015803314279765,
43,18549,9.881417645374313e-05,
43,18599,8.755747330724262e-06,
43,18649,0.00017362998914904892,
43,18699,1.6908961697481573e-05,
43,18749,2.019025487243198e-06,
43,18799,6.7761073296424e-05,
43,18849,2.631343886605464e-05,
43,18899,0.029948392882943153,
43,18919,,0.16450385749340057
44,18949,4.6297500375658274e-05,
44,18999,7.238607213366777e-05,
44,19049,0.0006426490726880729,
44,19099,9.252350719179958e-05,
44,19149,0.0028886301442980766,
44,19199,1.1589128007472027e-05,
44,19249,0.1569886952638626,
44,19299,0.0002189222286688164,
44,19349,7.722830196144059e-05,
44,19349,,0.16915082931518555
45,19399,0.0002840213128365576,
45,19449,0.01886146329343319,
45,19499,0.00010221773845842108,
45,19549,3.501993342069909e-05,
45,19599,0.009783094748854637,
45,19649,1.7862523691292154e-06,
45,19699,8.796083420747891e-05,
45,19749,5.1644115046656225e-06,
45,19779,,0.18190817534923553
46,19799,0.005241141188889742,
46,19849,0.015374242328107357,
46,19899,0.0005458064842969179,
46,19949,1.4528622216403164e-07,
46,19999,0.0035128521267324686,
46,20049,0.0011546099558472633,
46,20099,8.775100286584347e-05,
46,20149,0.0018427729373797774,
46,20199,1.6283314835163765e-05,
46,20209,,0.1652519255876541
47,20249,0.003701744833961129,
47,20299,0.03411643207073212,
47,20349,1.971989513549488e-05,
47,20399,3.943161937058903e-05,
47,20449,0.014467011205852032,
47,20499,3.153196075800224e-06,
47,20549,9.355018119094893e-05,
47,20599,1.2622677786566783e-05,
47,20639,,0.18356354534626007
48,20649,1.798047378542833e-05,
48,20699,0.0001406812807545066,
48,20749,0.004790972918272018,
48,20799,1.7212661987286992e-05,
48,20849,7.63096395530738e-05,
48,20899,6.3081779444473796e-06,
48,20949,4.000317130703479e-05,
48,20999,2.9651362183358287e-06,
48,21049,0.023813940584659576,
48,21069,,0.1922709345817566
49,21099,6.110275080573047e-06,
49,21149,0.00034123152727261186,
49,21199,0.0104709193110466,
49,21249,2.179223656639806e-06,
49,21299,5.831233465869445e-06,
49,21349,0.0013331871014088392,
49,21399,3.6317574085842352e-06,
49,21449,1.3878991012461483e-05,
49,21499,1.9344024622114375e-06,
49,21499,,0.15074485540390015
50,21549,1.2330416438999237e-06,
50,21599,5.315523139870493e-06,
50,21649,3.743075649254024e-05,
50,21699,5.941780045759515e-07,
50,21749,4.8340556531911716e-05,
50,21799,0.004256995860487223,
50,21849,0.01495184376835823,
50,21899,4.8479232646059245e-05,
50,21929,,0.18415910005569458
51,21949,7.006722626101691e-06,
51,21999,2.1234112068668765e-07,
51,22049,0.00012999033788219094,
51,22099,0.00034134028828702867,
51,22149,1.3574153854278848e-05,
51,22199,1.3974872672406491e-05,
51,22249,0.17963185906410217,
51,22299,0.08201935887336731,
51,22349,0.00042239800677634776,
51,22359,,0.16987331211566925
52,22399,3.650402504717931e-05,
52,22449,3.078573718084954e-05,
52,22499,0.001061040791682899,
52,22549,0.003882728284224868,
52,22599,1.1538942999322899e-05,
52,22649,7.612800800416153e-06,
52,22699,0.000540543464012444,
52,22749,0.00048528460320085287,
52,22789,,0.1715725064277649
53,22799,3.589056404962321e-06,
53,22849,6.002763711876469e-06,
53,22899,0.016185559332370758,
53,22949,0.000555959646590054,
53,22999,3.352726025696029e-07,
53,23049,0.00019737704133149236,
53,23099,6.566339288838208e-05,
53,23149,2.195361230405979e-05,
53,23199,0.0002946137683466077,
53,23219,,0.16787466406822205
54,23249,0.05369756743311882,
54,23299,4.693806374689302e-07,
54,23349,2.5337856641272083e-05,
54,23399,2.0929583115503192e-05,
54,23449,3.533271410560701e-06,
54,23499,2.117688381986227e-06,
54,23549,9.08957758838369e-07,
54,23599,0.0014151397626847029,
54,23649,0.12136964499950409,
54,23649,,0.22556930780410767
55,23699,0.03877892717719078,
55,23749,0.05767987668514252,
55,23799,0.0007148562581278384,
55,23849,1.804459679988213e-05,
55,23899,1.4025064956513233e-05,
55,23949,0.022902486845850945,
55,23999,1.635295666346792e-05,
55,24049,2.3853757738834247e-05,
55,24079,,0.17001813650131226
56,24099,6.351552883643308e-07,
56,24149,2.190323812101269e-06,
56,24199,5.8233217714587227e-05,
56,24249,4.29680039815139e-06,
56,24299,5.196718575462e-07,
56,24349,0.0033139565493911505,
56,24399,5.153449819772504e-06,
56,24449,0.00015699010691605508,
56,24499,0.0014570106286555529,
56,24509,,0.2247563898563385
57,24549,0.00038522350951097906,
57,24599,3.918527909263503e-06,
57,24649,0.0004412781563587487,
57,24699,0.000497859378810972,
57,24749,4.377162099444831e-07,
57,24799,5.904532827116782e-07,
57,24849,4.067633653903613e-06,
57,24899,0.00015458358393516392,
57,24939,,0.15139637887477875
58,24949,6.598528671020176e-06,
58,24999,3.937156179745216e-06,
58,25049,3.6599442410079064e-06,
58,25099,6.98483290761942e-07,
58,25149,1.3987998954689829e-06,
58,25199,7.18660703569185e-06,
58,25249,9.406242043041857e-07,
58,25299,3.6814108170801774e-05,
58,25349,4.086345143150538e-06,
58,25369,,0.16673974692821503
59,25399,6.646839210588951e-06,
59,25449,2.734254394454183e-06,
59,25499,0.0003221584775019437,
59,25549,0.0008564586751163006,
59,25599,4.019273546873592e-06,
59,25649,0.0004791886021848768,
59,25699,4.810731752513675e-06,
59,25749,0.01792518049478531,
59,25799,5.147640536051767e-07,
59,25799,,0.17252160608768463
60,25849,0.005975163541734219,
60,25899,0.005313770845532417,
60,25949,2.2724108816873922e-07,
60,25999,2.1941207251074957e-06,
60,26049,6.741462129866704e-05,
60,26099,0.0005895334179513156,
60,26149,0.0017536516534164548,
60,26199,1.4528605163377506e-07,
60,26229,,0.1783156841993332
61,26249,0.07758171856403351,
61,26299,0.0004264541785232723,
61,26349,0.020926350727677345,
61,26399,1.6062129361671396e-05,
61,26449,5.0936455409100745e-06,
61,26499,7.264046143973246e-05,
61,26549,0.00025339529383927584,
61,26599,6.2632707340526395e-06,
61,26649,8.369863644475117e-05,
61,26659,,0.24656403064727783
62,26699,1.0244529846659134e-07,
62,26749,4.6752023763474426e-07,
62,26799,0.00027443107683211565,
62,26849,1.4614221072406508e-05,
62,26899,0.001344919903203845,
62,26949,0.08437619358301163,
62,26999,0.00275858910754323,
62,27049,8.6333675426431e-05,
62,27089,,0.17735028266906738
63,27099,1.1814026947831735e-05,
63,27149,2.8971473511774093e-05,
63,27199,0.00027745161787606776,
63,27249,0.0004452433786354959,
63,27299,7.058941991999745e-05,
63,27349,2.2351738238057806e-08,
63,27399,5.879394848307129e-06,
63,27449,8.940679663282936e-08,
63,27499,0.00014198095595929772,
63,27519,,0.17320960760116577
64,27549,5.4548613661609124e-06,
64,27599,2.3214284738060087e-05,
64,27649,2.2006925064488314e-05,
64,27699,3.315483354526805e-07,
64,27749,9.446808689972386e-06,
64,27799,0.005489861126989126,
64,27849,6.9740503931825515e-06,
64,27899,4.969194378645625e-06,
64,27949,1.2733694632061088e-07,
64,27949,,0.22450722754001617
65,27999,0.001852413872256875,
65,28049,0.00011376472684787586,
65,28099,4.652203642763197e-06,
65,28149,0.00034483292256481946,
65,28199,7.674007633795554e-07,
65,28249,0.013689026236534119,
65,28299,0.0003625140234362334,
65,28349,1.145668557001045e-05,
65,28379,,0.1974336802959442
66,28399,0.08393339067697525,
66,28449,4.402677859616233e-06,
66,28499,1.2213278751005419e-05,
66,28549,7.715568062849343e-05,
66,28599,2.3873684767750092e-05,
66,28649,9.150669211521745e-05,
66,28699,0.00014669810479972512,
66,28749,5.237952063907869e-05,
66,28799,0.06154675781726837,
66,28809,,0.19152191281318665
67,28849,1.8034663298749365e-05,
67,28899,0.0007202024571597576,
67,28949,0.0002802686649374664,
67,28999,1.4901155864777138e-08,
67,29049,3.8704503822373226e-05,
67,29099,5.043248620495433e-06,
67,29149,0.0009629223495721817,
67,29199,0.0010188256856054068,
67,29239,,0.1581844538450241
68,29249,1.3038510715546181e-08,
68,29299,4.470345871254722e-08,
68,29349,5.7864535847329535e-06,
68,29399,0.0033209645189344883,
68,29449,0.002559169428423047,
68,29499,8.418956554123724e-07,
68,29549,9.94337005977286e-06,
68,29599,6.072184532968095e-07,
68,29649,3.295423448435031e-05,
68,29669,,0.25354626774787903
69,29699,0.0011844845721498132,
69,29749,3.2409690220447374e-07,
69,29799,0.001855003647506237,
69,29849,1.2458239325496834e-05,
69,29899,4.361118044471368e-05,
69,29949,0.03906645253300667,
69,29999,0.05040346831083298,
69,30049,1.9295039237476885e-05,
69,30099,3.874289120631147e-07,
69,30099,,0.2040797919034958
70,30149,1.4823493984295055e-05,
70,30199,8.24756261863513e-06,
70,30249,3.988058597315103e-05,
70,30299,0.057837024331092834,
70,30349,0.0006362993735820055,
70,30399,3.743686193047324e-06,
70,30449,0.0002711372508201748,
70,30499,1.0672829375835136e-06,
70,30529,,0.18118654191493988
71,30549,2.879410658351844e-06,
71,30599,0.0022169144358485937,
71,30649,1.0411881703475956e-06,
71,30699,0.00012051161320414394,
71,30749,1.8494971527616144e-06,
71,30799,2.8572610972332768e-05,
71,30849,1.6018685755625484e-07,
71,30899,2.793966658032332e-08,
71,30949,1.3466441259879502e-06,
71,30959,,0.19479481875896454
72,30999,1.8998882467258227e-07,
72,31049,3.352759492258883e-08,
72,31099,6.79856213992025e-07,
72,31149,3.9808226574677974e-05,
72,31199,4.877513674728107e-06,
72,31249,8.307213761327148e-07,
72,31299,7.450569228240056e-08,
72,31349,1.1433317013143096e-05,
72,31389,,0.16843979060649872
73,31399,4.6006658749320195e-07,
73,31449,5.401663827342418e-08,
73,31499,1.0875966836465523e-05,
73,31549,0.0027706031687557697,
73,31599,1.672568942012731e-06,
73,31649,9.294327014686132e-07,
73,31699,3.1477134143642616e-06,
73,31749,3.291705797892064e-05,
73,31799,5.813854659209028e-05,
73,31819,,0.24107614159584045
74,31849,0.00018819516117218882,
74,31899,3.67644383914012e-06,
74,31949,0.07312203198671341,
74,31999,1.0095386642205995e-06,
74,32049,0.00012183122453279793,
74,32099,3.259617074036214e-07,
74,32149,0.0009616996394470334,
74,32199,0.0003706647257786244,
74,32249,0.04729398339986801,
74,32249,,0.18870282173156738
75,32299,1.1914527021872345e-05,
75,32349,0.0002828422002494335,
75,32399,0.00939758401364088,
75,32449,2.8125862172601046e-07,
75,32499,5.5569351388840005e-05,
75,32549,0.0002519370464142412,
75,32599,9.798231985769235e-06,
75,32649,5.271251666272292e-07,
75,32679,,0.17159314453601837
76,32699,3.911550550128595e-08,
76,32749,0.000529871613252908,
76,32799,5.941757308391971e-07,
76,32849,5.289432010613382e-06,
76,32899,7.76344950281782e-06,
76,32949,7.054933666950092e-05,
76,32999,0.06834857165813446,
76,33049,4.43232202087529e-05,
76,33099,1.9139808500767685e-05,
76,33109,,0.21443383395671844
77,33149,0.0002324484521523118,
77,33199,6.205255431268597e-06,
77,33249,1.620497869225801e-07,
77,33299,1.6860885807545856e-05,
77,33349,2.2145295588416047e-06,
77,33399,0.0004360760794952512,
77,33449,5.03769661008846e-05,
77,33499,0.004701177589595318,
77,33539,,0.20978567004203796
78,33549,1.0707526598707773e-05,
78,33599,6.612316383325378e-07,
78,33649,0.011916999705135822,
78,33699,1.0002088401961373e-06,
78,33749,7.555817865068093e-05,
78,33799,5.2154035756757366e-08,
78,33849,0.006013012491166592,
78,33899,3.3713524771883385e-07,
78,33949,1.53802138811443e-05,
78,33969,,0.2074461430311203
79,33999,0.01057937741279602,
79,34049,6.053491574675718e-07,
79,34099,0.0,
79,34149,0.00012712011812254786,
79,34199,3.4287672860955354e-06,
79,34249,1.378352578740305e-07,
79,34299,8.568150633436744e-08,
79,34349,2.086842323478777e-05,
79,34399,8.50889045977965e-06,
79,34399,,0.21797987818717957
80,34449,3.408627264889219e-07,
80,34499,1.8626450382086546e-09,
80,34549,7.977574568940327e-06,
80,34599,0.0011838327627629042,
80,34649,6.89177710455624e-08,
80,34699,0.0002551154466345906,
80,34749,0.007318741641938686,
80,34799,4.991814535060257e-07,
80,34829,,0.23027299344539642
81,34849,1.89989236787369e-07,
81,34899,7.897420459812565e-07,
81,34949,0.005831491202116013,
81,34999,2.911194997068378e-06,
81,35049,1.0430779440184779e-07,
81,35099,2.4214376281861405e-08,
81,35149,2.400847733952105e-06,
81,35199,2.261451845697593e-05,
81,35249,0.00014080150867812335,
81,35259,,0.23888815939426422
82,35299,1.8626450382086546e-09,
82,35349,1.1212864592380356e-06,
82,35399,0.0012553390115499496,
82,35449,0.0002038262173300609,
82,35499,9.687359852250665e-05,
82,35549,0.000442888296674937,
82,35599,0.0006328755989670753,
82,35649,0.05065414309501648,
82,35689,,0.2722506821155548
83,35699,4.261179583409103e-06,
83,35749,2.1047750919933605e-07,
83,35799,4.935944275530346e-07,
83,35849,7.171610832301667e-06,
83,35899,0.004371915478259325,
83,35949,1.4993889863035292e-06,
83,35999,1.0747224905571784e-06,
83,36049,0.00011531916243257001,
83,36099,0.14468684792518616,
83,36119,,0.22514426708221436
84,36149,1.199089274450671e-05,
84,36199,1.3783555630197952e-07,
84,36249,6.853888044133782e-05,
84,36299,1.1175867342672063e-08,
84,36349,8.51623626658693e-05,
84,36399,1.6763799237651256e-08,
84,36449,3.2782210723780736e-07,
84,36499,4.650444316212088e-05,
84,36549,0.04812488704919815,
84,36549,,0.22880065441131592
85,36599,2.1176845166337444e-06,
85,36649,0.006435156334191561,
85,36699,2.84982434095582e-07,
85,36749,1.66253430506913e-05,
85,36799,1.2130532923038118e-05,
85,36849,0.001353959902189672,
85,36899,1.2293409668018285e-07,
85,36949,0.007998380810022354,
85,36979,,0.20701906085014343
86,36999,1.6781575595814502e-06,
86,37049,6.8232579906180035e-06,
86,37099,0.007686717435717583,
86,37149,0.0,
86,37199,9.331714068139263e-07,
86,37249,6.332871294034703e-07,
86,37299,0.0,
86,37349,7.450578820566989e-09,
86,37399,1.66641766554676e-05,
86,37409,,0.26126793026924133
87,37449,6.742701543771545e-07,
87,37499,0.0,
87,37549,1.163161505246535e-05,
87,37599,3.6633962281484855e-06,
87,37649,0.0004495045868679881,
87,37699,0.1533106565475464,
87,37749,2.048908775975633e-08,
87,37799,9.12693423060773e-08,
87,37839,,0.23560824990272522
88,37849,2.6261661787430057e-06,
88,37899,2.0489082430685812e-08,
88,37949,2.440080606902484e-05,
88,37999,1.2293436668642244e-07,
88,38049,2.9006665499764495e-05,
88,38099,5.2153978913338506e-08,
88,38149,8.562340553908143e-06,
88,38199,4.3263426050543785e-06,
88,38249,0.0013382305623963475,
88,38269,,0.19762475788593292
89,38299,1.322475782217225e-07,
89,38349,3.725288166833707e-08,
89,38399,0.007451952435076237,
89,38449,3.413480590097606e-05,
89,38499,9.872000816812943e-08,
89,38549,0.0,
89,38599,0.0008281042682938278,
89,38649,2.2233856725506485e-05,
89,38699,0.0,
89,38699,,0.21554966270923615
90,38749,9.240222425432876e-05,
90,38799,3.3154913126054453e-07,
90,38849,1.881260658365136e-07,
90,38899,5.548692206502892e-05,
90,38949,3.3527257414789347e-07,
90,38999,5.271206191537203e-07,
90,39049,0.0006685965927317739,
90,39099,4.158052979619242e-05,
90,39129,,0.250625342130661
91,39149,6.388742121998803e-07,
91,39199,3.6693822380584606e-07,
91,39249,0.0013368945801630616,
91,39299,0.0006651066360063851,
91,39349,1.825385709253169e-07,
91,39399,2.9813008950441144e-05,
91,39449,0.0,
91,39499,0.00043795560486614704,
91,39549,2.4211007257690653e-05,
91,39559,,0.26729583740234375
92,39599,8.274937135865912e-05,
92,39649,7.24030178389512e-05,
92,39699,0.0,
92,39749,1.888633732960443e-06,
92,39799,1.2479704025736282e-07,
92,39849,1.3783528629573993e-07,
92,39899,2.0116509347190004e-07,
92,39949,0.016090212389826775,
92,39989,,0.2604908049106598
93,39999,9.033620358422922e-07,
93,40049,0.0008741311612538993,
93,40099,9.960133866115939e-06,
93,40149,6.444696509788628e-07,
93,40199,2.216533800947218e-07,
93,40249,9.654831956140697e-06,
93,40299,5.119074558024295e-05,
93,40349,0.0006044104811735451,
93,40399,0.0,
93,40419,,0.26174432039260864
94,40449,3.576256517590082e-07,
94,40499,1.0803304206774555e-07,
94,40549,4.1960297494370025e-06,
94,40599,2.3096644952147471e-07,
94,40649,1.4248658999349573e-06,
94,40699,0.0015448369085788727,
94,40749,0.0005716733285225928,
94,40799,5.9604580826544407e-08,
94,40849,1.5794684031789075e-06,
94,40849,,0.3198622167110443
95,40899,0.0002609083312563598,
95,40949,2.8690272301901132e-05,
95,40999,5.27362572029233e-05,
95,41049,8.009366325723022e-08,
95,41099,4.31889975516242e-06,
95,41149,0.00010172516340389848,
95,41199,0.0,
95,41249,9.757232874108013e-06,
95,41279,,0.24613027274608612
96,41299,4.544788509974751e-07,
96,41349,1.8862800061469898e-05,
96,41399,0.11340386420488358,
96,41449,6.313591711659683e-06,
96,41499,2.4214372729147726e-08,
96,41549,6.588780706806574e-06,
96,41599,0.01155771128833294,
96,41649,1.0661180567694828e-05,
96,41699,0.0,
96,41709,,0.23450219631195068
97,41749,9.126935651693202e-08,
97,41799,5.066353878646623e-07,
97,41849,1.8551255607235362e-06,
97,41899,9.182571716337407e-07,
97,41949,0.0,
97,41999,6.211108848219737e-05,
97,42049,0.0,
97,42099,1.7712793578539276e-06,
97,42139,,0.2516219913959503
98,42149,9.313223969797946e-09,
98,42199,9.570085239829496e-06,
98,42249,6.867996034998214e-06,
98,42299,2.113961045324686e-06,
98,42349,0.0,
98,42399,6.873015081509948e-07,
98,42449,5.302051249600481e-06,
98,42499,1.8626450382086546e-09,
98,42549,1.0144396583200432e-05,
98,42569,,0.261311799287796
99,42599,7.078734142851317e-06,
99,42649,2.235172757991677e-08,
99,42699,0.025143669918179512,
99,42749,4.729290594696067e-05,
99,42799,3.725290076417309e-09,
99,42849,0.05711463466286659,
99,42899,1.1175867342672063e-08,
99,42949,1.8626450382086546e-09,
99,42999,0.005369250196963549,
99,42999,,0.29366835951805115
100,43049,3.8216808206925634e-06,
100,43099,6.786673111491837e-06,
100,43149,0.0009535307181067765,
100,43199,2.3126371161197312e-05,
100,43249,0.2856440842151642,
100,43299,9.116192086366937e-05,
100,43349,2.0489082430685812e-08,
100,43399,1.0835166904143989e-05,
100,43429,,0.2530711591243744
101,43449,0.0001421644992660731,
101,43499,1.8626450382086546e-09,
101,43549,9.696070628706366e-05,
101,43599,1.134160629590042e-05,
101,43649,1.2297929970372934e-05,
101,43699,0.0,
101,43749,3.691375923153828e-06,
101,43799,4.0978164861371624e-08,
101,43849,0.005445323884487152,
101,43859,,0.25082096457481384
102,43899,2.849594011422596e-06,
102,43949,1.1175869119028903e-08,
102,43999,1.3801598015561467e-06,
102,44049,3.9860097444943676e-07,
102,44099,1.830652581702452e-05,
102,44149,4.0805243770591915e-06,
102,44199,0.0017670153174549341,
102,44249,0.015419927425682545,
102,44289,,0.30310821533203125
103,44299,3.5610141821962316e-06,
103,44349,7.392912812065333e-05,
103,44399,3.06390029436443e-06,
103,44449,1.3937585208623204e-05,
103,44499,2.2275701212493004e-06,
103,44549,1.0617065981932683e-07,
103,44599,0.03773820400238037,
103,44649,1.4901157641133977e-08,
103,44699,4.097814354508955e-08,
103,44719,,0.2541846036911011
104,44749,7.450578820566989e-09,
104,44799,0.0013456112938001752,
104,44849,9.956121175491717e-06,
104,44899,0.0,
104,44949,4.464339872356504e-05,
104,44999,8.313168109452818e-06,
104,45049,1.8067559892642748e-07,
104,45099,3.16649462206442e-08,
104,45149,2.709301893943916e-09,
104,45149,,0.24505199491977692
105,45199,2.3244181193149416e-06,
105,45249,1.1566777402549633e-06,
105,45299,1.545987800000148e-07,
105,45349,6.89177213075709e-08,
105,45399,0.0,
105,45449,1.564616383120665e-07,
105,45499,6.463286013058678e-07,
105,45549,7.866295345593244e-05,
105,45579,,0.2725825309753418
106,45599,1.4302659110398963e-05,
106,45649,7.4505797087454084e-09,
106,45699,6.026358732924564e-06,
106,45749,3.7252898543727042e-09,
106,45799,0.0,
106,45849,8.526227611582726e-05,
106,45899,1.9910428363800747e-06,
106,45949,7.420878318953328e-06,
106,45999,0.001954180421307683,
106,46009,,0.26432639360427856
107,46049,0.003155709709972143,
107,46099,3.378479732418782e-06,
107,46149,3.8100482925074175e-05,
107,46199,0.03559127822518349,
107,46249,0.0,
107,46299,3.357535388204269e-05,
107,46349,1.1864811995110358e-06,
107,46399,0.0,
107,46439,,0.2696853280067444
108,46449,0.017056263983249664,
108,46499,4.717372121376684e-06,
108,46549,6.891675639053574e-07,
108,46599,0.00017833254241850227,
108,46649,1.6856057527547819e-06,
108,46699,4.842871348387234e-08,
108,46749,1.6763801014008095e-08,
108,46799,5.587934559514451e-09,
108,46849,7.664875738555565e-06,
108,46869,,0.24766086041927338
109,46899,4.7496919819423056e-07,
109,46949,2.086148640501051e-07,
109,46999,5.587935003603661e-09,
109,47049,4.3957871298516693e-07,
109,47099,3.757934246095829e-05,
109,47149,8.357326805707999e-06,
109,47199,8.381895355569213e-08,
109,47249,4.566487405099906e-05,
109,47299,0.0,
109,47299,,0.23761333525180817
110,47349,0.0,
110,47399,0.00023610834614373744,
